url_source,type,pages
https://lecosybistrot27.fr/wp-content/uploads/2024/02/Congratulations_DEMO.ttf,ttf,police secondaire
https://lecosybistrot27.fr/wp-content/uploads/2024/02/DSC_1240.webp,webp,privatisation
https://lecosybistrot27.fr/wp-content/uploads/2024/02/DSC_1242.webp,webp,accueil
https://lecosybistrot27.fr/wp-content/uploads/2024/02/DSC_1243.webp,webp,privatisation
https://lecosybistrot27.fr/wp-content/uploads/2024/02/DSC_1244.webp,webp,evenement
https://lecosybistrot27.fr/wp-content/uploads/2024/02/DSC_1245.webp,webp,accueil
https://lecosybistrot27.fr/wp-content/uploads/2024/02/DSC_1246.webp,webp,accueil
https://lecosybistrot27.fr/wp-content/uploads/2024/02/DSC_1247.webp,webp,evenement
https://lecosybistrot27.fr/wp-content/uploads/2024/02/DSC_1249.webp,webp,privatisation
https://lecosybistrot27.fr/wp-content/uploads/2024/02/DSC_1250.webp,webp,privatisation
https://lecosybistrot27.fr/wp-content/uploads/2024/02/DSC_1253.webp,webp,le-cosy-bistrot
https://lecosybistrot27.fr/wp-content/uploads/2024/02/DSC_1254.webp,webp,evenement
https://lecosybistrot27.fr/wp-content/uploads/2024/02/DSC_1267.webp,webp,privatisation
https://lecosybistrot27.fr/wp-content/uploads/2024/02/DSC_1270.webp,webp,accueil
https://lecosybistrot27.fr/wp-content/uploads/2024/02/DSC_1271.webp,webp,privatisation
https://lecosybistrot27.fr/wp-content/uploads/2024/02/DSC_1272.webp,webp,evenement
https://lecosybistrot27.fr/wp-content/uploads/2024/02/DSC_1273.webp,webp,privatisation
https://lecosybistrot27.fr/wp-content/uploads/2024/02/DSC_1274.webp,webp,evenement
https://lecosybistrot27.fr/wp-content/uploads/2024/02/DSC_1275.webp,webp,privatisation
https://lecosybistrot27.fr/wp-content/uploads/2024/02/DSC_1276.webp,webp,evenement
https://lecosybistrot27.fr/wp-content/uploads/2024/02/DSC_1277.webp,webp,le-cosy-bistrot
https://lecosybistrot27.fr/wp-content/uploads/2024/02/DSC_1279.webp,webp,accueil
https://lecosybistrot27.fr/wp-content/uploads/2024/02/DSC_1280.webp,webp,accueil
https://lecosybistrot27.fr/wp-content/uploads/2024/02/DSC_1281.webp,webp,evenement
https://lecosybistrot27.fr/wp-content/uploads/2024/02/DSC_1286.webp,webp,evenement
https://lecosybistrot27.fr/wp-content/uploads/2024/02/DSC_1287.webp,webp,accueil
https://lecosybistrot27.fr/wp-content/uploads/2024/02/DSC_1288.webp,webp,accueil
https://lecosybistrot27.fr/wp-content/uploads/2024/02/DSC_1289.webp,webp,privatisation
https://lecosybistrot27.fr/wp-content/uploads/2024/02/DSC_1290.webp,webp,le-cosy-bistrot
https://lecosybistrot27.fr/wp-content/uploads/2024/02/DSC_1292.webp,webp,le-cosy-bistrot
https://lecosybistrot27.fr/wp-content/uploads/2024/02/DSC_1295.webp,webp,evenement
https://lecosybistrot27.fr/wp-content/uploads/2024/02/DSC_1296.webp,webp,le-cosy-bistrot
https://lecosybistrot27.fr/wp-content/uploads/2024/02/DSC_1298.webp,webp,accueil
https://lecosybistrot27.fr/wp-content/uploads/2024/02/DSC_1299.webp,webp,accueil
https://lecosybistrot27.fr/wp-content/uploads/2024/02/DSC_1310.webp,webp,privatisation
https://lecosybistrot27.fr/wp-content/uploads/2024/02/DSC_1311.webp,webp,evenement
https://lecosybistrot27.fr/wp-content/uploads/2024/02/DSC_1312.webp,webp,privatisation
https://lecosybistrot27.fr/wp-content/uploads/2024/02/DSC_1313.webp,webp,accueil
https://lecosybistrot27.fr/wp-content/uploads/2024/02/DSC_1314.webp,webp,evenement
https://lecosybistrot27.fr/wp-content/uploads/2024/02/DSC_1318.webp,webp,accueil
https://lecosybistrot27.fr/wp-content/uploads/2024/02/DSC_1319.webp,webp,le-cosy-bistrot
https://lecosybistrot27.fr/wp-content/uploads/2024/02/DSC_1320.webp,webp,privatisation
https://lecosybistrot27.fr/wp-content/uploads/2024/02/DSC_1321.webp,webp,accueil
https://lecosybistrot27.fr/wp-content/uploads/2024/02/DSC_1322.webp,webp,evenement
https://lecosybistrot27.fr/wp-content/uploads/2024/02/DSC_1323.webp,webp,privatisation
https://lecosybistrot27.fr/wp-content/uploads/2024/02/DSC_1324.webp,webp,privatisation
https://lecosybistrot27.fr/wp-content/uploads/2024/02/DSC_1325.webp,webp,accueil
https://lecosybistrot27.fr/wp-content/uploads/2024/02/DSC_1327.webp,webp,le-cosy-bistrot
https://lecosybistrot27.fr/wp-content/uploads/2024/02/DSC_1328.webp,webp,evenement
https://lecosybistrot27.fr/wp-content/uploads/2024/02/DSC_1330.webp,webp,evenement
https://lecosybistrot27.fr/wp-content/uploads/2024/02/DSC_1332.webp,webp,privatisation
https://lecosybistrot27.fr/wp-content/uploads/2024/02/DSC_1333.webp,webp,evenement
https://lecosybistrot27.fr/wp-content/uploads/2024/02/DSC_1334.webp,webp,evenement
https://lecosybistrot27.fr/wp-content/uploads/2024/02/DSC_1335.webp,webp,evenement
https://lecosybistrot27.fr/wp-content/uploads/2024/02/DSC_1336.webp,webp,privatisation
https://lecosybistrot27.fr/wp-content/uploads/2024/02/DSC_1337.webp,webp,accueil
https://lecosybistrot27.fr/wp-content/uploads/2024/02/DSC_1338.webp,webp,evenement
https://lecosybistrot27.fr/wp-content/uploads/2024/02/DSC_1339.webp,webp,evenement
https://lecosybistrot27.fr/wp-content/uploads/2024/02/DSC_1340.webp,webp,privatisation
https://lecosybistrot27.fr/wp-content/uploads/2024/02/DSC_1341.webp,webp,accueil
https://lecosybistrot27.fr/wp-content/uploads/2024/02/DSC_1343.webp,webp,evenement
https://lecosybistrot27.fr/wp-content/uploads/2024/02/DSC_1344.webp,webp,privatisation
https://lecosybistrot27.fr/wp-content/uploads/2024/02/DSC_1345.webp,webp,accueil
https://lecosybistrot27.fr/wp-content/uploads/2024/02/DSC_1348.webp,webp,le-cosy-bistrot
https://lecosybistrot27.fr/wp-content/uploads/2024/02/DSC_1349.webp,webp,evenement
https://lecosybistrot27.fr/wp-content/uploads/2024/02/DSC_1350.webp,webp,accueil
https://lecosybistrot27.fr/wp-content/uploads/2024/02/DSC_1351.webp,webp,le-cosy-bistrot
https://lecosybistrot27.fr/wp-content/uploads/2024/02/DSC_1355.webp,webp,le-cosy-bistrot
https://lecosybistrot27.fr/wp-content/uploads/2024/02/Favicon-cosy.png,png,favicon
https://lecosybistrot27.fr/wp-content/uploads/2024/02/Gimoc-Botuned.ttf,ttf,police titres
https://lecosybistrot27.fr/wp-content/uploads/2024/03/Bistrot-convivial-a-Bourg-Achard.jpg,jpg,bienvenue-chez-le-cosy-un-bistrot-convivial-a-bourg-achard
https://lecosybistrot27.fr/wp-content/uploads/2024/03/Concerts-et-spectacles-en-live.jpg,jpg,vivez-des-soirees-inoubliables-au-son-de-nos-concerts-et-spectacles-en-live
https://lecosybistrot27.fr/wp-content/uploads/2024/03/Des-soirees-a-theme-inoubliables-au-Cosy-Bistrot.jpg,jpg,des-soirees-a-theme-inoubliables-au-cosy-bistrot
https://lecosybistrot27.fr/wp-content/uploads/2024/03/Evenement-special-au-Cosy-Bistrot.jpg,jpg,votre-evenement-special-au-cosy-bistrot-dans-un-cadre-chaleureux-et-convivial
https://lecosybistrot27.fr/wp-content/uploads/2024/03/Le-Cosy-Bistrot-votre-destination-culinaire-a-Bourg-Achard-1.jpg,jpg,le-cosy-bistrot-votre-destination-culinaire-a-bourg-achard
https://lecosybistrot27.fr/wp-content/uploads/2024/03/Les-delices-au-menu-du-Cosy-Bistrot.jpg,jpg,les-delices-au-menu-du-cosy-bistrot-des-plats-allechants-pour-toutes-les-envies
https://lecosybistrot27.fr/wp-content/uploads/2024/03/Menus-pour-tous-les-gouts-au-Cosy-Bistrot.jpg,jpg,menu-cosy-ou-menu-express-pour-tous-les-gouts-au-cosy-bistrot
https://lecosybistrot27.fr/wp-content/uploads/2024/03/Organisation-devenements-au-Cosy-Bistrot.jpg,jpg,organisation-devenements-ambiance-et-convivialite-au-cosy-bistrot
https://lecosybistrot27.fr/wp-content/uploads/2024/03/Privatisation-pour-mariages-et-anniversaires.jpg,jpg,privatisation-pour-mariages-et-anniversaires-celebrez-au-cosy-bistrot
https://lecosybistrot27.fr/wp-content/uploads/2024/03/Privatisez-la-salle-du-Cosy-Bistrot.jpg,jpg,salle-privatisee-faites-de-votre-evenement-un-moment-inoubliable-au-cosy-bistrot
https://lecosybistrot27.fr/wp-content/uploads/2024/03/Restaurant-Le-Cosy-Bistrot-votre-pause-gourmande-quotidienne-a-Bourg-Achard.jpg,jpg,restaurant-le-cosy-bistrot-votre-pause-gourmande-quotidienne-a-bourg-achard
https://lecosybistrot27.fr/wp-content/uploads/2024/03/Soirees-evenements-au-Cosy-Bistrot.jpg,jpg,plongez-dans-lambiance-animee-de-nos-soirees-evenements-au-cosy-bistrot
